{"ER": {"S": [0.3119880670013497, 0.3201668122326083, 0.354427112431154, 0.32628254948016394, 0.16862645428240236, 0.29544567373955455, 0.35856116194416926, 0.322790808802149, 0.30543063484509864, 0.2823668744990023, 0.2870290628703957, 0.33371429306428013, 0.36514059358746015, 0.16495984408700773, 0.26257386307092, 0.318832114415414, 0.30915880039730737, 0.3020380496119475, 0.2738197316707264, 0.1935274897871077, 0.3390945783856621, 0.33129694860239883, 0.26877169754102637, 0.1736933982216489, 0.16301251231735497], "mu1": [0.333383368129517, 0.3624635281691467, 0.3768044642224655, 0.3439629523609505, 0.30941583492919356, 0.3403442576342065, 0.3845258777168656, 0.3457535903199554, 0.3402415755277977, 0.3262556090666826, 0.3233974941661683, 0.35724281374779154, 0.3688212697028074, 0.3014374790549657, 0.30624550413240476, 0.34124980459021736, 0.3439317639477404, 0.3308527997992114, 0.3222083459431635, 0.3205168570839489, 0.3550421195061669, 0.3512636857323048, 0.3115564462861628, 0.30958797144672623, 0.3034105238424497], "mean_alpha": [0.15891917843522713, 0.19410140044583005, 0.20933380172185653, 0.16823974362913616, 0.12752375716346206, 0.15972559822601834, 0.225221558639462, 0.16946545525947998, 0.16226034691739857, 0.14559568015694463, 0.14441178114353861, 0.18667177248213918, 0.20767398483038982, 0.12217338581602435, 0.13210777941770896, 0.16240539769950552, 0.17003766710123758, 0.1614019098472403, 0.13776579700511044, 0.13909788438630324, 0.17802495461425122, 0.18428417956790022, 0.13774575885042387, 0.12701329856749416, 0.1202217290896348], "mean_tri": [3.39375, 3.065625, 3.09375, 3.31875, 3.496875, 3.28125, 2.9625, 3.328125, 3.309375, 3.384375, 3.39375, 3.16875, 3.1125, 3.496875, 3.45, 3.31875, 3.20625, 3.24375, 3.421875, 3.50625, 3.24375, 3.20625, 3.440625, 3.534375, 3.50625], "frac_spatial": [0.859375, 0.834375, 0.80625, 0.840625, 0.878125, 0.85625, 0.79375, 0.834375, 0.846875, 0.859375, 0.878125, 0.825, 0.803125, 0.89375, 0.88125, 0.859375, 0.8375, 0.85, 0.86875, 0.871875, 0.834375, 0.840625, 0.86875, 0.884375, 0.884375]}, "C1": {"S": [0.7494563842327782, 0.79027271544022, 0.8162763524920392, 0.7168408651008368, 0.7174756102676293, 0.7951000066003142, 0.7872318674430885, 0.774277205709829, 0.7687710224705349, 0.7467873162765073, 0.7953270089339378, 0.2250610697605543, 0.7532273577646962, 0.7582121315969736, 0.804121515270875, 0.7989165338070735, 0.16394462349897576, 0.7569048839910613, 0.7858843248363063, 0.24330213015089452, 0.7158999855381649, 0.736695975614206, 0.15324192509186707, 0.8009764744058927, 0.7432864172297649], "mu1": [0.33840062653690783, 0.388158034394908, 0.3777517000393286, 0.31537814879742615, 0.3107181957555788, 0.3251898317327147, 0.3429472105387316, 0.328697619056253, 0.3171375528528918, 0.3610319876165092, 0.3399882083420549, 0.2827218309051967, 0.3457288371330378, 0.3019068686050227, 0.35178939543379245, 0.32360736916082516, 0.2388845008521767, 0.26867321784083126, 0.3142270432254313, 0.29521669949841534, 0.310627820957776, 0.3142898604385758, 0.22697481445088044, 0.36857089016254446, 0.3413044276218364], "mean_alpha": [0.8235291653405379, 0.7542849540227888, 0.7842326838954164, 0.8440708692227787, 0.8501474991213179, 0.854554876841406, 0.8261040054006311, 0.8442144961484728, 0.8535674242913266, 0.7984132397781206, 0.834737244896844, 0.8874694651197228, 0.8154918576080715, 0.8666108287005324, 0.8213063299398056, 0.854315220305769, 0.9224288861967933, 0.9002151117568055, 0.8577694013333064, 0.8824867262536495, 0.85254597312796, 0.8559664919472224, 0.9273083175846273, 0.7985273898733644, 0.8165916632809671], "mean_tri": [0.8982558139534884, 1.0588235294117647, 1.0509554140127388, 0.8338368580060423, 0.8259493670886076, 0.850609756097561, 0.8507462686567164, 0.8648648648648649, 0.8095238095238095, 1.049079754601227, 0.8376623376623377, 0.69, 0.9769452449567724, 0.7407407407407407, 0.8333333333333334, 0.8117647058823529, 0.5939597315436241, 0.7234726688102894, 0.7730061349693251, 0.6836734693877551, 0.8507462686567164, 0.7788461538461539, 0.6057692307692307, 0.9662576687116564, 0.8961038961038961], "frac_spatial": [0.19186046511627908, 0.2689075630252101, 0.2356687898089172, 0.1782477341389728, 0.17088607594936708, 0.15853658536585366, 0.2, 0.16816816816816818, 0.16825396825396827, 0.2085889570552147, 0.17532467532467533, 0.12, 0.207492795389049, 0.15432098765432098, 0.19281045751633988, 0.1588235294117647, 0.087248322147651, 0.1157556270096463, 0.16257668711656442, 0.1360544217687075, 0.16119402985074627, 0.15064102564102563, 0.07692307692307693, 0.21779141104294478, 0.18831168831168832]}, "C2": {"S": [0.0, 0.0, 0.0, 0.0, 0.0, 0.0, 0.0, 0.0, 0.0, 0.0, 0.0, 0.0, 0.0, 0.0, 0.0, 0.0, 0.0, 0.0, 0.0, 0.0, 0.0, 0.0, 0.0, 0.0, 0.0], "mu1": [0.0, 0.0, 0.0, 0.0, 0.0, 0.0, 0.0, 0.0, 0.0, 0.0, 0.0, 0.0, 0.0, 0.0, 0.0, 0.0, 0.0, 0.0, 0.0, 0.0, 0.0, 0.0, 0.0, 0.0, 0.0], "mean_alpha": [1.0, 1.0, 1.0, 1.0, 1.0, 1.0, 1.0, 1.0, 1.0, 1.0, 1.0, 1.0, 1.0, 1.0, 1.0, 1.0, 1.0, 1.0, 1.0, 1.0, 1.0, 1.0, 1.0, 1.0, 1.0], "mean_tri": [3.39375, 3.065625, 3.09375, 3.31875, 3.496875, 3.28125, 2.9625, 3.328125, 3.309375, 3.384375, 3.39375, 3.16875, 3.1125, 3.496875, 3.45, 3.31875, 3.20625, 3.24375, 3.421875, 3.50625, 3.24375, 3.20625, 3.440625, 3.534375, 3.50625], "frac_spatial": [0.0, 0.0, 0.0, 0.0, 0.0, 0.0, 0.0, 0.0, 0.0, 0.0, 0.0, 0.0, 0.0, 0.0, 0.0, 0.0, 0.0, 0.0, 0.0, 0.0, 0.0, 0.0, 0.0, 0.0, 0.0]}, "REF": {"S": [0.0, 0.0, 0.0, 0.0, 0.0, 0.0, 0.0, 0.0, 0.0, 0.0, 0.0, 0.0, 0.0, 0.0, 0.0, 0.0, 0.0, 0.0, 0.0, 0.0, 0.0, 0.0, 0.0, 0.0, 0.0], "mu1": [0.0, 0.0, 0.0, 0.0, 0.0, 0.0, 0.0, 0.0, 0.0, 0.0, 0.0, 0.0, 0.0, 0.0, 0.0, 0.0, 0.0, 0.0, 0.0, 0.0, 0.0, 0.0, 0.0, 0.0, 0.0], "mean_alpha": [1.0, 1.0, 1.0, 1.0, 1.0, 1.0, 1.0, 1.0, 1.0, 1.0, 1.0, 1.0, 1.0, 1.0, 1.0, 1.0, 1.0, 1.0, 1.0, 1.0, 1.0, 1.0, 1.0, 1.0, 1.0], "mean_tri": [0.8982558139534884, 1.0588235294117647, 1.0509554140127388, 0.8338368580060423, 0.8259493670886076, 0.850609756097561, 0.8507462686567164, 0.8648648648648649, 0.8095238095238095, 1.049079754601227, 0.8376623376623377, 0.69, 0.9769452449567724, 0.7407407407407407, 0.8333333333333334, 0.8117647058823529, 0.5939597315436241, 0.7234726688102894, 0.7730061349693251, 0.6836734693877551, 0.8507462686567164, 0.7788461538461539, 0.6057692307692307, 0.9662576687116564, 0.8961038961038961], "frac_spatial": [0.0, 0.0, 0.0, 0.0, 0.0, 0.0, 0.0, 0.0, 0.0, 0.0, 0.0, 0.0, 0.0, 0.0, 0.0, 0.0, 0.0, 0.0, 0.0, 0.0, 0.0, 0.0, 0.0, 0.0, 0.0]}}